{"cameraMode":{"drawMode":0,"name":"Shaded","section":"Shading Mode"},"sceneLighting":true,"audioPlay":false,"sceneViewState":{"m_AlwaysRefresh":false,"showFog":true,"showSkybox":true,"showFlares":true,"showImageEffects":true,"showParticleSystems":true,"showVisualEffectGraphs":true,"m_FxEnabled":true},"in2DMode":false,"pivot":{"x":14.486662864685059,"y":14.57088851928711,"z":-15.040225982666016},"rotation":{"x":0.5428962111473084,"y":-0.006298705004155636,"z":0.004071105737239122,"w":0.8397703766822815},"size":23.161901473999025,"orthographic":false}